{
  "id": "",
  "name": "",
  "font_family": "iconfont",
  "css_prefix_text": "icon-",
  "description": "",
  "glyphs": [
    {
      "icon_id": "677569",
      "name": "放大镜",
      "font_class": "fangdajing",
      "unicode": "e617",
      "unicode_decimal": 58903
    },
    {
      "icon_id": "7215924",
      "name": "首页",
      "font_class": "shouye",
      "unicode": "e604",
      "unicode_decimal": 58884
    },
    {
      "icon_id": "7956069",
      "name": "退出",
      "font_class": "tuichu",
      "unicode": "e61d",
      "unicode_decimal": 58909
    },
    {
      "icon_id": "8084507",
      "name": "我的",
      "font_class": "wode",
      "unicode": "e61c",
      "unicode_decimal": 58908
    }
  ]
}
